{"n_objects": {"3": 0.860655737704918, "6": 0.13934426229508196}, "n_class": {"1": 0.5143884892086331, "3": 0.3920863309352518, "2": 0.09352517985611511}, "box_area": [90520, 64935, 93631, 71609, 32343, 78288, 10800, 14919, 11122, 12677, 10295, 21619, 8949, 11235, 42745, 110166, 41628, 13496, 75562, 40175, 23986, 118604, 5693, 47430, 16199, 55304, 29488, 8330, 55516, 11137, 27927, 57459, 25953, 5280, 12474, 21839, 22920, 15863, 62855, 6380, 41911, 5199, 6956, 13463, 8715, 94250, 15275, 58542, 9383, 27647, 42625, 24088, 42531, 10180, 32173, 969, 32154, 43131, 81026, 60287, 47192, 9359, 75949, 135954, 265990, 42089, 14354, 80808, 131348, 82449, 37050, 24569, 21504, 48049, 80849, 50220, 67157, 5049, 73059, 71377, 71621, 75245, 16951, 61888, 38045, 6858, 26180, 21309, 14727, 45447, 48888, 20361, 3833, 17169, 10487, 98892, 19522, 33338, 45916, 97520, 6623, 5999, 12586, 12068, 29277, 19557, 28500, 25092, 71457, 40761, 34401, 8510, 148167, 221730, 140383, 179039, 175759, 91323, 15624, 45738, 4356, 6943, 15586, 42587, 17900, 92785, 43343, 31605, 5921, 12167, 11932, 6839, 9896, 67449, 62448, 26468, 122450, 57461, 26036, 26244, 63209, 94917, 104919, 16672, 44522, 66184, 51957, 54139, 89564, 108342, 126073, 40256, 49297, 36816, 61423, 32699, 39168, 13420, 80730, 17749, 87255, 51891, 30104, 30145, 55062, 56680, 5665, 76320, 25447, 13454, 70399, 14198, 9215, 11185, 68141, 17359, 13544, 8302, 16626, 12968, 8400, 48507, 81004, 128450, 12568, 713063, 27540, 59994, 89160, 64660, 11015, 70641, 51124, 41174, 49274, 20121, 118306, 28822, 57888, 17134, 10436, 18590, 12075, 12904, 14247, 75768, 80419, 44907, 39537, 16401, 33647, 88007, 53702, 165139, 88814, 54470, 55836, 5580, 108023, 16284, 25483, 36355, 45260, 21467, 206027, 54963, 17656, 12199, 25026, 33212, 67491, 29633, 84473, 10569, 20478, 50374, 35363, 15314, 6490, 56616, 22538, 90772, 66970, 16917, 47849, 21312, 39407, 14808, 21780, 56925, 41156, 24479, 66527, 173002, 3904, 87679, 9750, 66241, 49403, 7590, 85445, 10439, 15066, 96220, 47133, 94700, 41809, 12012, 35051, 46146, 66149, 14841, 46189, 21124, 9575, 4060, 55277, 50146]}