{"n_objects": {"3": 0.8878504672897196, "6": 0.11214953271028037}, "n_class": {"3": 0.3865546218487395, "1": 0.5126050420168067, "2": 0.10084033613445378}, "box_area": [75562, 9575, 85445, 6380, 51957, 27541, 43656, 55304, 33647, 88007, 26036, 26244, 22538, 221730, 6956, 29277, 33759, 18190, 56925, 8169, 78288, 10487, 43131, 110166, 41628, 66184, 35051, 15066, 53936, 47192, 108342, 126073, 5799, 67157, 66149, 16951, 108023, 82449, 14354, 27647, 13099, 28822, 12068, 12968, 16284, 16401, 45916, 28068, 49274, 80849, 20515, 57459, 5580, 57888, 54963, 9165, 28500, 87679, 46146, 68141, 4356, 13312, 12568, 55516, 40175, 20361, 16626, 43343, 25447, 11122, 12677, 32343, 24088, 80808, 5199, 57535, 8330, 8960, 90520, 64935, 54139, 47430, 42625, 93849, 12167, 42531, 10180, 29488, 10569, 86974, 48510, 58710, 98892, 5280, 46925, 118604, 14841, 15624, 13454, 27927, 21619, 25092, 9570, 89564, 58542, 63209, 128450, 969, 11016, 5720, 22920, 7404, 36539, 10295, 10436, 94250, 13544, 19685, 59600, 13496, 71457, 5999, 19519, 42587, 48049, 63686, 22338, 12199, 7590, 10439, 8510, 16199, 12474, 21839, 87255, 13463, 8715, 25026, 33212, 17359, 81004, 32154, 51124, 41174, 89160, 64660, 48047, 10800, 15275, 66241, 8400, 14808, 713063, 45447, 48888, 20449, 60287, 35363, 17656, 41809, 42745, 84473, 122450, 57461, 71377, 71621, 20121, 73059, 44907, 39537, 50220, 12052, 55062, 56680, 173002, 12507, 16917, 16815, 39407, 21780, 70399, 6623, 15438, 28399, 46189, 67449, 62448, 135954, 14247, 131348, 3833, 39107, 32699, 39168, 21124, 61423, 33338, 45738, 15360, 11494, 96220, 43224, 49403, 75949, 13420, 19522, 5693, 265990, 16672, 44522, 12012, 14198, 6839, 9896, 11932, 9359, 32173, 21467, 21312, 54470, 55836, 16560, 6490, 6858, 41911, 9215, 11185, 80730, 67491, 38045, 30104, 47849, 63744, 74254, 12075, 67517, 5665, 15863]}